Season,League,Nickname,Place,Points,Rating_start,Rating_end,Rating_delta,Games,Wins,Losses,Draws,Winrate,MVP1,MVP2,MVP3,MVP_total,Rank
summer_2026,sundaygames,Pantazi_ko,1,1483,1000,1483,483,107,56,51,0,52.3,53,21,12,86,S
summer_2026,sundaygames,Sem,2,1343,1000,1343,343,162,85,77,0,52.5,26,40,17,83,S
summer_2026,sundaygames,Zavodchanyn,3,1237,1000,1237,237,94,51,43,0,54.3,18,17,10,45,S
summer_2026,sundaygames,Justy,4,1144,800,1144,344,112,58,54,0,51.8,22,14,22,58,A
summer_2026,sundaygames,Temostar,5,1132,600,1132,532,85,54,31,0,63.5,14,21,13,48,A
summer_2026,sundaygames,Laston,6,1123,800,1123,323,107,53,54,0,49.5,19,15,22,56,A
summer_2026,sundaygames,Morti,7,1078,800,1078,278,55,31,24,0,56.4,14,8,10,32,A
summer_2026,sundaygames,Wolfie,8,1044,400,1044,644,230,111,119,0,48.3,17,26,36,79,A
summer_2026,sundaygames,Оксанка,9,1041,600,1041,441,177,89,88,0,50.3,13,18,29,60,A
summer_2026,sundaygames,Slavon,10,1038,600,1038,438,109,61,48,0,56,13,20,18,51,A
summer_2026,sundaygames,Bogd,11,1037,800,1037,237,63,34,29,0,54,10,13,8,31,A
summer_2026,sundaygames,Лова,12,950,800,950,150,50,24,26,0,48,7,9,7,23,B
summer_2026,sundaygames,Gidora,13,930,810,930,120,13,9,4,0,69.2,5,2,2,9,B
summer_2026,sundaygames,Voron,14,834,400,834,434,126,58,68,0,46,11,12,14,37,B
summer_2026,sundaygames,wiedii,15,751,600,751,151,47,23,24,0,48.9,2,4,5,11,C
summer_2026,sundaygames,Leres,16,684,600,684,84,25,11,14,0,44,3,1,7,11,C
summer_2026,sundaygames,Люся,17,666,600,666,66,14,6,8,0,42.9,3,1,3,7,C
summer_2026,sundaygames,Кицюня,18,586,400,586,186,36,19,17,0,52.8,0,2,0,2,D
summer_2026,sundaygames,Сocosik,19,565,400,565,165,86,31,55,0,36,0,5,8,13,D
summer_2026,sundaygames,Ваніль,20,508,400,508,108,11,7,4,0,63.6,2,1,1,4,D
summer_2026,sundaygames,Doshuca,21,428,400,428,28,9,4,5,0,44.4,0,0,0,0,D
summer_2026,sundaygames,Олег,22,390,400,390,-10,9,2,7,0,22.2,0,0,0,0,E
summer_2026,sundaygames,DarkFox,23,279,200,279,79,6,5,1,0,83.3,0,0,1,1,E
summer_2026,sundaygames,Джокер,24,276,200,276,76,11,6,5,0,54.5,0,0,0,0,E
summer_2026,sundaygames,Pobi,25,274,200,274,74,8,5,3,0,62.5,0,0,2,2,E
summer_2026,sundaygames,SixSeven,26,235,1,235,234,45,16,29,0,35.6,0,1,1,2,E
summer_2026,sundaygames,Emeli,27,176,1,176,175,8,6,2,0,75,2,4,1,7,F
summer_2026,sundaygames,golgenpath,28,161,1,161,160,19,8,11,0,42.1,0,0,0,0,F
summer_2026,sundaygames,Термінатор,29,147,1,147,146,8,5,3,0,62.5,3,1,1,5,F
summer_2026,sundaygames,Pip,30,146,1,146,145,8,6,2,0,75,1,1,2,4,F
summer_2026,sundaygames,Супер мопс,31,93,1,93,92,8,4,4,0,50,1,0,0,1,F
summer_2026,sundaygames,vv0va,32,93,1,93,92,8,4,4,0,50,1,0,0,1,F
summer_2026,sundaygames,Elis_roller,33,91,1,91,90,7,4,3,0,57.1,0,1,1,2,F
summer_2026,sundaygames,Igor228,34,90,1,90,89,8,4,4,0,50,0,0,3,3,F
summer_2026,sundaygames,Вор,35,81,1,81,80,7,4,3,0,57.1,0,0,0,0,F
summer_2026,sundaygames,Кабачок,36,81,1,81,80,6,4,2,0,66.7,0,0,0,0,F
summer_2026,sundaygames,Рижа,37,81,1,81,80,6,4,2,0,66.7,0,0,0,0,F
summer_2026,sundaygames,Рибулічка,38,80,1,80,79,7,3,4,0,42.9,0,1,4,5,F
summer_2026,sundaygames,Nazarr,39,73,1,73,72,10,3,7,0,30,1,0,0,1,F
summer_2026,sundaygames,Бальниця,40,71,1,71,70,8,3,5,0,37.5,0,1,1,2,F
summer_2026,sundaygames,Jakub,41,68,1,68,67,8,3,5,0,37.5,0,1,0,1,F
summer_2026,sundaygames,Анігілятор,42,61,1,61,60,6,3,3,0,50,0,0,0,0,F
summer_2026,sundaygames,Блонда,43,61,1,61,60,6,3,3,0,50,0,0,0,0,F
summer_2026,sundaygames,Деіл,44,61,1,61,60,6,3,3,0,50,0,0,0,0,F
summer_2026,sundaygames,Патрокал,45,61,1,61,60,7,3,4,0,42.9,0,0,0,0,F
summer_2026,sundaygames,Пікачу,46,61,1,61,60,8,3,5,0,37.5,0,0,0,0,F
summer_2026,sundaygames,Супер котик,47,61,1,61,60,8,3,5,0,37.5,0,0,0,0,F
summer_2026,sundaygames,Кекс,48,41,1,41,40,8,2,6,0,25,0,0,0,0,F
summer_2026,sundaygames,Кілер,49,41,1,41,40,6,2,4,0,33.3,0,0,0,0,F
summer_2026,sundaygames,Снайпер,50,41,1,41,40,6,2,4,0,33.3,0,0,0,0,F
summer_2026,sundaygames,Тезя,51,41,1,41,40,8,2,6,0,25,0,0,0,0,F
summer_2026,sundaygames,Чіп,52,41,1,41,40,6,2,4,0,33.3,0,0,0,0,F
summer_2026,sundaygames,Влєрса,53,21,1,21,20,8,1,7,0,12.5,0,0,0,0,F
summer_2026,kids,Баранчік,1,687,600,687,87,8,5,3,0,62.5,2,3,2,7,C
summer_2026,kids,Ульман,2,672,600,672,72,8,3,5,0,37.5,4,3,1,8,C
summer_2026,kids,Davud,3,327,200,327,127,18,8,10,0,44.4,1,0,5,6,E
summer_2026,kids,Фіолетово,4,269,200,269,69,10,5,5,0,50,0,0,3,3,E
summer_2026,kids,Магг,5,227,1,227,226,10,8,2,0,80,5,0,2,7,E
summer_2026,kids,Nediks,6,202,1,202,201,10,7,3,0,70,2,5,2,9,E
summer_2026,kids,Абовен,7,195,1,195,194,10,6,4,0,60,3,5,1,9,F
summer_2026,kids,Максимум,8,181,1,181,180,18,9,9,0,50,0,0,0,0,F
summer_2026,kids,Смішна лисиця,9,168,1,168,167,18,8,10,0,44.4,0,1,0,1,F
summer_2026,kids,Валід,10,128,1,128,127,6,3,3,0,50,5,1,0,6,F
summer_2026,kids,Майкл,11,126,1,126,125,8,5,3,0,62.5,1,1,2,4,F
summer_2026,kids,Сакура,12,117,1,117,116,6,4,2,0,66.7,1,3,1,5,F
summer_2026,kids,Собака,13,101,1,101,100,8,5,3,0,62.5,0,0,0,0,F
summer_2026,kids,Мальборо,14,91,1,91,90,6,4,2,0,66.7,0,1,1,2,F
summer_2026,kids,Зіберд,15,87,1,87,86,6,4,2,0,66.7,0,0,2,2,F
summer_2026,kids,Футік,16,74,1,74,73,6,3,3,0,50,0,1,2,3,F
summer_2026,kids,Крапочка,17,61,1,61,60,6,3,3,0,50,0,0,0,0,F
summer_2026,kids,get247,18,61,1,61,60,10,3,7,0,30,0,0,0,0,F
summer_2026,kids,Аванка,19,41,1,41,40,6,2,4,0,33.3,0,0,0,0,F
summer_2026,kids,Фантом,20,21,1,21,20,6,1,5,0,16.7,0,0,0,0,F
summer_2026,kids,шавуха,21,21,1,21,20,7,1,6,0,14.3,0,0,0,0,F